resort,source,station,station_id,station_m,region,season,oct,nov,dec,jan,feb,mar,apr,may,season_total_cm,incomplete,note
myoko,jma,関山,54-0998,350.0,新潟県,1980/81,0,6.0,251.0,646.0,298.0,160.0,13.0,0.0,1374,1,Sekiyama 350m; Akakura base 450m
myoko,jma,関山,54-0998,350.0,新潟県,1981/82,0,22.0,163.0,328.0,385.0,162.0,0.0,0,1060,1,Sekiyama 350m; Akakura base 450m
myoko,jma,関山,54-0998,350.0,新潟県,1982/83,0,9.0,146.0,454.0,398.0,197.0,0.0,0,1204,1,Sekiyama 350m; Akakura base 450m
myoko,jma,関山,54-0998,350.0,新潟県,1983/84,0,45.0,456.0,559.0,449.0,302.0,75.0,0.0,1886,1,Sekiyama 350m; Akakura base 450m
myoko,jma,関山,54-0998,350.0,新潟県,1984/85,0,4.0,490.0,650.0,208.0,148.0,26.0,0,1526,1,Sekiyama 350m; Akakura base 450m
myoko,jma,関山,54-0998,350.0,新潟県,1985/86,0,17.0,450.0,457.0,383.0,166.0,68.0,0,1541,1,Sekiyama 350m; Akakura base 450m
myoko,jma,関山,54-0998,350.0,新潟県,1986/87,0,33.0,182.0,555.0,299.0,187.0,24.0,0,1280,1,Sekiyama 350m; Akakura base 450m
myoko,jma,関山,54-0998,350.0,新潟県,1987/88,0,40.0,194.0,402.0,466.0,156.0,6.0,0,1264,1,Sekiyama 350m; Akakura base 450m
myoko,jma,関山,54-0998,350.0,新潟県,1988/89,0,0.0,262.0,166.0,221.0,72.0,0.0,0,721,1,Sekiyama 350m; Akakura base 450m
myoko,jma,関山,54-0998,350.0,新潟県,1989/90,0,0.0,155.0,570.0,111.0,39.0,0.0,0,875,1,Sekiyama 350m; Akakura base 450m
myoko,jma,関山,54-0998,350.0,新潟県,1990/91,0,0.0,64.0,480.0,390.0,181.0,6.0,0,1121,1,Sekiyama 350m; Akakura base 450m
myoko,jma,関山,54-0998,350.0,新潟県,1991/92,0,20.0,284.0,366.0,448.0,180.0,0.0,0,1298,1,Sekiyama 350m; Akakura base 450m
myoko,jma,関山,54-0998,350.0,新潟県,1992/93,1.0,57.0,298.0,313.0,470.0,325.0,13.0,0,1477,1,Sekiyama 350m; Akakura base 450m
myoko,jma,関山,54-0998,350.0,新潟県,1993/94,0,0,0,293.0,320.0,182.0,31.0,0,826,1,Sekiyama 350m; Akakura base 450m
myoko,jma,関山,54-0998,350.0,新潟県,1994/95,0,0.0,259.0,562.0,346.0,195.0,46.0,0.0,1408,1,Sekiyama 350m; Akakura base 450m
myoko,jma,関山,54-0998,350.0,新潟県,1995/96,0,12.0,199.0,491.0,368.0,243.0,116.0,0,1429,1,Sekiyama 350m; Akakura base 450m
myoko,jma,関山,54-0998,350.0,新潟県,1996/97,0,3.0,121.0,457.0,297.0,124.0,0.0,0,1002,1,Sekiyama 350m; Akakura base 450m
myoko,jma,関山,54-0998,350.0,新潟県,1997/98,0,0.0,101.0,458.0,186.0,136.0,6.0,0.0,887,1,Sekiyama 350m; Akakura base 450m
myoko,jma,関山,54-0998,350.0,新潟県,1998/99,0,17.0,100.0,421.0,379.0,112.0,27.0,0.0,1056,1,Sekiyama 350m; Akakura base 450m
myoko,jma,関山,54-0998,350.0,新潟県,1999/00,0,1.0,206.0,200.0,432.0,261.0,18.0,0.0,1118,1,Sekiyama 350m; Akakura base 450m
myoko,jma,関山,54-0998,350.0,新潟県,2000/01,0,0.0,186.0,524.0,326.0,313.0,39.0,0.0,1388,1,Sekiyama 350m; Akakura base 450m
myoko,jma,関山,54-0998,350.0,新潟県,2001/02,0,5.0,318.0,341.0,242.0,85.0,0.0,0,991,1,Sekiyama 350m; Akakura base 450m
myoko,jma,関山,54-0998,350.0,新潟県,2002/03,0,27.0,313.0,432.0,222.0,198.0,30.0,0,1222,1,Sekiyama 350m; Akakura base 450m
myoko,jma,関山,54-0998,350.0,新潟県,2003/04,0,0.0,152.0,307.0,322.0,173.0,0.0,0.0,954,1,Sekiyama 350m; Akakura base 450m
myoko,jma,関山,54-0998,350.0,新潟県,2004/05,0,0.0,120.0,511.0,396.0,215.0,40.0,0.0,1282,1,Sekiyama 350m; Akakura base 450m
myoko,jma,関山,54-0998,350.0,新潟県,2005/06,0,0.0,588.0,454.0,265.0,211.0,48.0,7.0,1573,1,Sekiyama 350m; Akakura base 450m
myoko,jma,関山,54-0998,350.0,新潟県,2006/07,0,0.0,152.0,161.0,143.0,94.0,4.0,0.0,554,1,Sekiyama 350m; Akakura base 450m
myoko,jma,関山,54-0998,350.0,新潟県,2007/08,0,123.0,182.0,345.0,422.0,115.0,2.0,0,1189,1,Sekiyama 350m; Akakura base 450m
myoko,jma,関山,54-0998,350.0,新潟県,2008/09,0,15.0,100.0,239.0,192.0,144.0,14.0,0.0,704,1,Sekiyama 350m; Akakura base 450m
myoko,jma,関山,54-0998,350.0,新潟県,2009/10,0.0,0.0,233.0,434.0,244.0,150.0,0.0,0.0,1061,0,Sekiyama 350m; Akakura base 450m
myoko,jma,関山,54-0998,350.0,新潟県,2010/11,0.0,0.0,99.0,564.0,133.0,312.0,0.0,0.0,1108,0,Sekiyama 350m; Akakura base 450m
myoko,jma,関山,54-0998,350.0,新潟県,2011/12,0.0,0.0,322.0,563.0,329.0,154.0,41.0,0.0,1409,0,Sekiyama 350m; Akakura base 450m
myoko,jma,関山,54-0998,350.0,新潟県,2012/13,0.0,6.0,325.0,383.0,355.0,72.0,0.0,0.0,1141,0,Sekiyama 350m; Akakura base 450m
myoko,jma,関山,54-0998,350.0,新潟県,2013/14,0.0,23.0,159.0,329.0,213.0,200.0,4.0,0.0,928,0,Sekiyama 350m; Akakura base 450m
myoko,jma,関山,54-0998,350.0,新潟県,2014/15,0.0,0.0,469.0,349.0,214.0,116.0,0.0,0.0,1148,0,Sekiyama 350m; Akakura base 450m
myoko,jma,関山,54-0998,350.0,新潟県,2015/16,0.0,0.0,118.0,231.0,267.0,42.0,0.0,0.0,658,0,Sekiyama 350m; Akakura base 450m
myoko,jma,関山,54-0998,350.0,新潟県,2016/17,0.0,0.0,171.0,362.0,215.0,115.0,0.0,0.0,863,0,Sekiyama 350m; Akakura base 450m
myoko,jma,関山,54-0998,350.0,新潟県,2017/18,0.0,34.0,329.0,362.0,183.0,21.0,0.0,0.0,929,0,Sekiyama 350m; Akakura base 450m
myoko,jma,関山,54-0998,350.0,新潟県,2018/19,0.0,0.0,194.0,414.0,184.0,54.0,45.0,0.0,891,0,Sekiyama 350m; Akakura base 450m
myoko,jma,関山,54-0998,350.0,新潟県,2019/20,0.0,0.0,29.0,106.0,235.0,32.0,0.0,0.0,402,0,Sekiyama 350m; Akakura base 450m
myoko,jma,関山,54-0998,350.0,新潟県,2020/21,0.0,0.0,261.0,380.0,253.0,32.0,0.0,0.0,926,0,Sekiyama 350m; Akakura base 450m
myoko,jma,関山,54-0998,350.0,新潟県,2021/22,0.0,6.0,271.0,353.0,343.0,84.0,12.0,0.0,1069,0,Sekiyama 350m; Akakura base 450m
myoko,jma,関山,54-0998,350.0,新潟県,2022/23,0.0,0.0,81.0,338.0,239.0,36.0,0.0,0.0,694,0,Sekiyama 350m; Akakura base 450m
myoko,jma,関山,54-0998,350.0,新潟県,2023/24,0.0,30.0,74.0,223.0,145.0,183.0,0.0,0.0,655,0,Sekiyama 350m; Akakura base 450m
myoko,jma,関山,54-0998,350.0,新潟県,2024/25,0.0,0.0,319.0,291.0,317.0,89.0,0.0,0.0,1016,0,Sekiyama 350m; Akakura base 450m
myoko,jma,関山,54-0998,350.0,新潟県,2025/26,0.0,19.0,98.0,447.0,108.0,31.0,0.0,0.0,703,0,Sekiyama 350m; Akakura base 450m
